1bin,1count,1m,1std
7,0,60.38425373,19.06667889
14,1,,
21,0,,
28,2,,
35,1,,
41,0,,
48,2,,
55,4,,
62,1,,
69,82,,
