1bin,1count,1m,1std,2bin,2count,2m,2std
7,1,66.28833353,7.381019489,9,0,82.74541309,17.72577633
14,0,,,18,3,,
21,0,,,28,3,,
28,1,,,37,2,,
35,0,,,46,2,,
41,1,,,55,3,,
48,1,,,64,1,,
55,1,,,74,6,,
62,3,,,83,13,,
69,95,,,92,97,,
